#UNReg	Title	PDFDate	FirstSeen	URL	Source
# Updated 2026 Jul 12 1102:36
A/AC.105/INF.400	-	1997 May 9	2026 Jul 11	https://docs.un.org/en/A/AC.105/INF.400	ods
A/AC.105/INF.401	E:\\VIENNA\\PDF\\TMP\\V9723863.WPF	1997 Jun 24	2026 Jul 11	https://docs.un.org/en/A/AC.105/INF.401	ods
A/AC.105/INF.402	A/AC.105/INF.402	1999 May 12	2026 Jul 11	https://docs.un.org/en/A/AC.105/INF.402	ods
A/AC.105/INF.403	Outer Space	1999 Dec 7	2026 Jul 11	https://docs.un.org/en/A/AC.105/INF.403	ods
A/AC.105/INF.404	A/AC.105/INF.404	2000 Feb 8	2026 Jul 11	https://docs.un.org/en/A/AC.105/INF.404	ods
A/AC.105/INF.405	-	2001 Aug 7	2026 Jul 11	https://docs.un.org/en/A/AC.105/INF.405	ods
A/AC.105/INF.406	Microsoft Word - UND_GEN_V0250720_DOCU_N	2002 Mar 8	2026 Jul 11	https://docs.un.org/en/A/AC.105/INF.406	ods
A/AC.105/INF.407	-	2002 Jun 3	2026 Jul 11	https://docs.un.org/en/A/AC.105/INF.407	ods
A/AC.105/INF.408	-	2003 Jan 16	2026 Jul 11	https://docs.un.org/en/A/AC.105/INF.408	ods
A/AC.105/INF.409	-	2003 May 22	2026 Jul 11	https://docs.un.org/en/A/AC.105/INF.409	ods
A/AC.105/INF.410	-	2004 Jun 10	2026 Jul 11	https://docs.un.org/en/A/AC.105/INF.410	ods
A/AC.105/INF.411	-	2005 May 11	2026 Jul 11	https://docs.un.org/en/A/AC.105/INF.411	ods
A/AC.105/INF.412	-	2006 Feb 20	2026 Jul 11	https://docs.un.org/en/A/AC.105/INF.412	ods
A/AC.105/INF.413	-	2006 May 18	2026 Jul 11	https://docs.un.org/en/A/AC.105/INF.413	ods
A/AC.105/INF.414	-	2007 Nov 21	2026 Jul 11	https://docs.un.org/en/A/AC.105/INF.414	ods
A/AC.105/INF.415	-	2007 May 2	2026 Jul 11	https://docs.un.org/en/A/AC.105/INF.415	ods
A/AC.105/INF.416	-	2008 May 8	2026 Jul 11	https://docs.un.org/en/A/AC.105/INF.416	ods
A/AC.105/INF.417	-	2009 Apr 9	2026 Jul 11	https://docs.un.org/en/A/AC.105/INF.417	ods
A/AC.105/INF.418	Microsoft Word - V0980782.doc	2009 Feb 25	2026 Jul 11	https://docs.un.org/en/A/AC.105/INF.418	ods
A/AC.105/INF.419	-	2009 Apr 9	2026 Jul 11	https://docs.un.org/en/A/AC.105/INF.419	ods
A/AC.105/INF.419/Add.1	Microsoft Word - 80830a2b-1c3a-4d48-b6b1-7631294188f2_in_for_PDF_printing.doc	2013 May 17	2026 Jul 12	https://docs.un.org/en/A/AC.105/INF.419/Add.1	ods
A/AC.105/INF.420	-	2010 Aug 13	2026 Jul 11	https://docs.un.org/en/A/AC.105/INF.420	ods
A/AC.105/INF.421	-	2010 Apr 1	2026 Jul 11	https://docs.un.org/en/A/AC.105/INF.421	ods
A/AC.105/INF.424	Microsoft Word - 55fef5d8-eeed-4294-a603-0c0455f34aad_in_for_PDF_printing.doc	2013 Aug 6	2026 Jul 11	https://docs.un.org/en/A/AC.105/INF.424	ods
ST/SG/SER.E/1290	-	2025 Nov 7	2026 Jul 11	https://docs.un.org/en/ST/SG/SER.E/1290	ods
ST/SG/SER.E/1291	-	2025 Aug 20	2026 Jul 11	https://docs.un.org/en/ST/SG/SER.E/1291	ods
ST/SG/SER.E/1293	-	2025 Sep 5	2026 Jul 11	https://docs.un.org/en/ST/SG/SER.E/1293	ods
ST/SG/SER.E/1294	-	2025 Oct 16	2026 Jul 11	https://docs.un.org/en/ST/SG/SER.E/1294	ods
ST/SG/SER.E/1295	-	2026 Jan 8	2026 Jul 11	https://docs.un.org/en/ST/SG/SER.E/1295	ods
ST/SG/SER.E/1295/Add.1	-	2026 Jan 9	2026 Jul 12	https://docs.un.org/en/ST/SG/SER.E/1295/Add.1	ods
ST/SG/SER.E/1296	-	2026 Jan 9	2026 Jul 11	https://docs.un.org/en/ST/SG/SER.E/1296	ods
ST/SG/SER.E/1297	-	2025 Oct 24	2026 Jul 11	https://docs.un.org/en/ST/SG/SER.E/1297	ods
ST/SG/SER.E/1298	-	2025 Oct 23	2026 Jul 11	https://docs.un.org/en/ST/SG/SER.E/1298	ods
ST/SG/SER.E/1300	-	2025 Oct 16	2026 Jul 11	https://docs.un.org/en/ST/SG/SER.E/1300	ods
ST/SG/SER.E/1301	-	2025 Oct 23	2026 Jul 11	https://docs.un.org/en/ST/SG/SER.E/1301	ods
ST/SG/SER.E/1302	-	2026 Jan 23	2026 Jul 11	https://docs.un.org/en/ST/SG/SER.E/1302	ods
ST/SG/SER.E/1305	-	2026 Jan 9	2026 Jul 11	https://docs.un.org/en/ST/SG/SER.E/1305	ods
ST/SG/SER.E/1306	-	2026 Jan 8	2026 Jul 11	https://docs.un.org/en/ST/SG/SER.E/1306	ods
ST/SG/SER.E/1308	-	2025 Dec 10	2026 Jul 11	https://docs.un.org/en/ST/SG/SER.E/1308	ods
ST/SG/SER.E/1309	-	2026 Jan 8	2026 Jul 11	https://docs.un.org/en/ST/SG/SER.E/1309	ods
ST/SG/SER.E/1310	-	2026 Apr 2	2026 Jul 11	https://docs.un.org/en/ST/SG/SER.E/1310	ods
ST/SG/SER.E/1312	-	2026 Apr 2	2026 Jul 11	https://docs.un.org/en/ST/SG/SER.E/1312	ods
ST/SG/SER.E/1316	-	2026 Mar 16	2026 Jul 11	https://docs.un.org/en/ST/SG/SER.E/1316	ods
ST/SG/SER.E/1317	-	2026 Mar 12	2026 Jul 11	https://docs.un.org/en/ST/SG/SER.E/1317	ods
ST/SG/SER.E/1319	-	2026 Mar 23	2026 Jul 11	https://docs.un.org/en/ST/SG/SER.E/1319	ods
ST/SG/SER.E/1324	-	2026 Apr 30	2026 Jul 11	https://docs.un.org/en/ST/SG/SER.E/1324	ods
